001,0.338997,-129.359772,-3.52335
001,0.338997,-129.359772,-3.52335
001,0.338997,-129.359772,-3.52335
001,0.338997,-129.359772,-3.52335
001,0.338997,-129.359772,-3.52335
001,0.338997,-129.359772,-3.52335
001,0.338997,-129.359772,-3.52335
001,0.338997,-129.359772,-3.52335
001,0.338997,-129.359772,-3.52335
001,0.338997,-129.359772,-3.52335
001,0.338997,-129.359772,-3.52335
001,0.338997,-129.359772,-3.52335
001,0.338997,-129.359772,-3.52335
001,0.338997,-129.359772,-3.52335
001,0.338997,-129.359772,-3.52335
001,0.338997,-129.359772,-3.52335
001,0.338997,-129.359772,-3.52335
001,0.338997,-129.359772,-3.52335
001,0.338997,-129.359772,-3.52335
001,0.3479,-129.357407,-3.520966
001,0.363796,-129.362305,-3.512264
001,0.378195,-129.368164,-3.520843
001,0.405877,-129.368469,-3.506423
001,0.418925,-129.367325,-3.502902
001,0.431738,-129.368713,-3.494522
001,0.445095,-129.369125,-3.491974
001,0.470299,-129.370926,-3.482131
001,0.481725,-129.369537,-3.485885
001,0.493239,-129.368729,-3.488033
001,0.518031,-129.365616,-3.481656
001,0.529758,-129.359741,-3.482492
001,0.552122,-129.356903,-3.473927
001,0.56358,-129.356247,-3.482711
001,0.586739,-129.359421,-3.479767
001,0.598578,-129.351791,-3.483557
001,0.610509,-129.342636,-3.488943
001,0.627415,-129.338333,-3.483447
001,0.651695,-129.32933,-3.485062
001,0.663701,-129.3284,-3.479948
001,0.687746,-129.327515,-3.470996
001,0.699532,-129.326706,-3.468116
001,0.710777,-129.328979,-3.460971
001,0.734392,-129.332428,-3.463732
001,0.746538,-129.335861,-3.456217
001,0.769831,-129.344772,-3.467586
001,0.780836,-129.349182,-3.471873
001,0.803563,-129.337463,-3.476064
001,0.815568,-129.324417,-3.485466
001,0.827469,-129.32196,-3.480787
001,0.85141,-129.343994,-3.494817
001,0.863386,-129.354446,-3.498463
001,0.888244,-129.385574,-3.501023
001,0.899928,-129.40152,-3.503561
001,0.911728,-129.410995,-3.500436
001,0.934357,-129.43222,-3.502263
001,0.945991,-129.441742,-3.495605
001,0.969166,-129.474045,-3.510181
001,0.980524,-129.491959,-3.519318
001,1.003045,-129.513306,-3.521416
001,1.013861,-129.524506,-3.526454
001,1.037718,-129.539749,-3.526387
001,1.049222,-129.542343,-3.530684
001,1.072167,-129.553024,-3.529118
001,1.084147,-129.560272,-3.534251
001,1.096543,-129.568939,-3.535302
001,1.120506,-129.585754,-3.534394
001,1.132421,-129.594376,-3.535957
001,1.144207,-129.603775,-3.537808
001,1.167584,-129.602463,-3.543055
001,1.179799,-129.59848,-3.552213
001,1.202605,-129.619019,-3.555169
001,1.21393,-129.631454,-3.564963
001,1.238352,-129.661926,-3.560706
001,1.251303,-129.689362,-3.570797
001,1.262442,-129.708466,-3.574857
001,1.285258,-129.733246,-3.580656
001,1.297212,-129.746078,-3.58424
001,1.320339,-129.775269,-3.588432
001,1.331998,-129.791779,-3.597661
001,1.354679,-129.81987,-3.609399
001,1.366251,-129.832825,-3.616608
001,1.389028,-129.857986,-3.621382
001,1.400365,-129.865738,-3.631061
001,1.411661,-129.874344,-3.637983
001,1.434134,-129.892487,-3.642997
001,1.445443,-129.900604,-3.648546
001,1.46813,-129.919968,-3.653189
001,1.479531,-129.928848,-3.662781
001,1.501622,-129.945465,-3.675624
001,1.512861,-129.953354,-3.671882
001,1.535021,-129.962265,-3.678534
001,1.546463,-129.969315,-3.678283
001,1.569597,-129.969147,-3.687832
001,1.580842,-129.971298,-3.689312
001,1.603162,-129.971436,-3.690237
001,1.614936,-129.962616,-3.697562
001,1.638738,-129.964371,-3.696789
001,1.65053,-129.957901,-3.702461
001,1.672714,-129.961548,-3.700873
001,1.684321,-129.959137,-3.706982
001,1.695715,-129.95723,-3.712359
001,1.718724,-129.935013,-3.712605
001,1.730386,-129.913788,-3.713929
001,1.752464,-129.888229,-3.708918
001,1.763533,-129.841736,-3.707972
001,1.786612,-129.780334,-3.700178
001,1.798398,-129.732376,-3.698263
001,1.821751,-129.649139,-3.693033
001,1.833411,-129.63913,-3.69133
001,1.856819,-129.590958,-3.700112
001,1.868558,-129.588486,-3.697311
001,1.880109,-129.600266,-3.703104
001,1.903129,-129.624039,-3.713199
001,1.913886,-129.62088,-3.712301
001,1.936743,-129.603119,-3.717695
001,1.949472,-129.603241,-3.714387
001,1.972371,-129.593872,-3.714279
001,1.98415,-129.584641,-3.717234
001,1.995908,-129.574158,-3.718544
001,2.019359,-129.526749,-3.731365
001,2.031114,-129.522934,-3.729901
001,2.053527,-129.47287,-3.741194
001,2.065156,-129.458588,-3.742954
001,2.088753,-129.420486,-3.742513
001,2.100457,-129.394974,-3.7434
001,2.123763,-129.371185,-3.74224
001,2.135088,-129.35675,-3.742467
001,2.146651,-129.348007,-3.741609
001,2.169975,-129.295319,-3.706662
001,2.182008,-129.248825,-3.677243
001,2.205752,-129.212891,-3.65864
001,2.217272,-129.188889,-3.656199
001,2.240283,-129.146072,-3.668071
001,2.251135,-129.149826,-3.668061
001,2.272965,-129.127899,-3.650951
001,2.283413,-129.154724,-3.647735
001,2.305437,-129.211823,-3.632332
001,2.316481,-129.220169,-3.631985
001,2.338857,-129.219055,-3.636981
001,2.350032,-129.218475,-3.628527
001,2.372518,-129.12851,-3.637552
001,2.38378,-129.088974,-3.622858
001,2.40707,-128.929382,-3.57532
001,2.417599,-128.850571,-3.527179
001,2.438789,-128.668549,-3.343952
001,2.449898,-128.503693,-3.191206
001,2.471733,-128.222427,-2.891453
001,2.482695,-128.05455,-2.746887
001,2.504279,-127.713181,-2.516512
001,2.516362,-127.606873,-2.444364
001,2.537884,-127.232948,-2.306403
001,2.549129,-127.052391,-2.237479
001,2.571294,-126.761292,-2.133441
001,2.581791,-126.575401,-2.065008
001,2.603079,-126.096962,-1.884916
001,2.614178,-125.819794,-1.757471
001,2.636378,-125.027252,-1.357483
001,2.647698,-124.581039,-1.121288
001,2.670492,-123.473068,-0.521613
001,2.681792,-122.873375,-0.199363
001,2.704191,-121.716324,0.37172
001,2.714973,-121.152771,0.600208
001,2.737459,-119.908272,1.01637
001,2.748785,-119.257484,1.183356
001,2.772096,-117.927528,1.391688
001,2.783503,-117.227959,1.420118
001,2.807451,-117.049698,1.43184
001,2.818952,-117.034996,1.465572
001,2.833404,-116.226555,1.70322
001,2.847535,-115.833839,1.935968
001,2.881744,-114.526901,2.913014
001,2.881744,-114.526901,2.913014
001,2.897614,-114.076103,3.395097
001,2.929998,-113.129166,4.70672
001,2.947182,-112.700775,5.544985
001,2.962973,-112.51825,6.124352
001,2.979846,-112.245811,6.89617
001,2.997402,-112.056198,7.480403
001,3.013586,-112.002899,7.724795
001,3.028526,-112.003197,7.731274
001,3.043528,-112.037529,7.612651
001,3.058114,-112.084213,7.441319
001,3.072535,-112.145973,7.214282
001,3.086469,-112.233673,6.98245
001,3.100158,-112.279549,6.883041
001,3.127004,-112.315598,6.882976
001,3.139478,-112.300262,6.929109
001,3.152323,-112.267448,6.976628
001,3.166169,-112.247124,6.985495
001,3.192192,-112.300285,6.89339
001,3.204877,-112.332024,6.895056
001,3.217414,-112.349319,6.938121
001,3.242166,-112.316444,7.162955
001,3.255138,-112.272034,7.314672
001,3.26805,-112.226631,7.456758
001,3.281932,-112.17952,7.583682
001,3.309641,-112.130043,7.655738
001,3.323165,-112.100075,7.656051
001,3.337667,-112.063309,7.647575
001,3.352598,-112.054428,7.620854
001,3.367035,-112.074638,7.596038
001,3.38351,-112.031998,7.718359
001,3.39987,-112.026344,7.834647
001,3.416582,-112.012932,7.910887
001,3.433174,-112.036171,7.9152
001,3.44992,-112.063965,7.936007
001,3.467859,-112.098145,7.96056
001,3.484684,-112.132408,7.968325
001,3.501466,-112.159744,7.948078
001,3.519656,-112.217865,7.863607
001,3.536114,-112.273994,7.814535
001,3.553187,-112.329971,7.831612
001,3.570071,-112.386879,7.871465
001,3.586858,-112.454842,7.910127
001,3.603505,-112.519577,7.944542
001,3.62036,-112.6017,7.950842
001,3.636936,-112.704178,7.939855
001,3.65379,-112.801407,7.890454
001,3.671006,-112.90345,7.763896
001,3.688042,-113.019577,7.567694
001,3.704503,-113.108421,7.369874
001,3.721829,-113.158569,7.180635
001,3.739618,-113.20076,6.967331
001,3.75708,-113.267448,6.706317
001,3.774263,-113.330368,6.45187
001,3.793277,-113.385132,6.193625
001,3.810742,-113.444748,5.955431
001,3.827787,-113.477882,5.793585
001,3.845917,-113.586197,5.482665
001,3.863636,-113.648346,5.263555
001,3.880529,-113.695824,5.052238
001,3.897451,-113.735283,4.801692
001,3.91446,-113.734589,4.616364
001,3.931967,-113.732216,4.435082
001,3.948855,-113.769058,4.235032
001,3.966166,-113.85527,3.992871
001,3.983752,-113.973557,3.73319
001,3.983752,-113.973557,3.73319
001,4.001132,-114.044952,3.552202
001,4.018219,-114.125717,3.377269
001,4.035481,-114.20195,3.228619
001,4.052188,-114.29306,3.069647
001,4.069134,-114.363968,2.938475
001,4.086432,-114.436745,2.811768
001,4.103865,-114.500023,2.701423
001,4.12133,-114.551781,2.616812
001,4.138388,-114.611839,2.538212
001,4.156118,-114.657593,2.481494
001,4.172861,-114.689766,2.446981
001,4.190018,-114.719429,2.418254
001,4.207057,-114.72789,2.409564
001,4.223958,-114.722549,2.415958
001,4.240984,-114.690338,2.449419
001,4.258106,-114.663078,2.482772
001,4.275793,-114.629021,2.527707
001,4.292844,-114.584541,2.585146
001,4.309985,-114.519569,2.665256
001,4.327401,-114.463303,2.743003
001,4.344581,-114.392532,2.83904
001,4.361423,-114.322792,2.938264
001,4.378839,-114.246841,3.04927
001,4.397716,-114.126137,3.221691
001,4.415389,-114.015266,3.386692
001,4.432796,-113.91301,3.545769
001,4.45025,-113.804749,3.718207
001,4.467726,-113.692345,3.901073
001,4.467726,-113.692345,3.901073
001,4.484842,-113.568916,4.112234
001,4.501926,-113.450981,4.32584
001,4.519051,-113.362518,4.500006
001,4.536397,-113.281441,4.671522
001,4.55385,-113.160095,4.923663
001,4.571171,-113.061432,5.150281
001,4.588738,-112.98381,5.341713
001,4.606396,-112.889328,5.581046
001,4.624114,-112.833107,5.745224
001,4.641412,-112.759575,5.958297
001,4.659297,-112.703583,6.14269
001,4.677185,-112.649834,6.33411
001,4.694446,-112.612602,6.497191
001,4.711487,-112.57148,6.698415
001,4.728591,-112.54406,6.875627
001,4.74606,-112.516258,7.065758
001,4.763597,-112.501945,7.222296
001,4.781042,-112.479507,7.45114
001,4.798339,-112.470688,7.644677
001,4.81584,-112.467812,7.866782
001,4.833186,-112.471481,8.096889
001,4.850863,-112.486961,8.261218
001,4.868831,-112.504349,8.482594
001,4.868831,-112.504349,8.482594
001,4.886031,-112.524475,8.615064
001,4.903713,-112.53302,8.780333
001,4.920737,-112.529518,8.912836
001,4.938004,-112.518608,9.077964
001,4.954958,-112.501587,9.322473
001,4.972641,-112.485931,9.512259
001,4.990615,-112.466835,9.770645
001,5.008541,-112.447968,10.021189
001,5.025791,-112.430992,10.222164
001,5.043811,-112.422585,10.523779
001,5.06098,-112.42112,10.76548
001,5.07808,-112.442604,11.07588
001,5.095818,-112.478767,11.363181
001,5.112861,-112.537788,11.708498
001,5.128959,-112.600037,12.04213
001,5.144202,-112.664474,12.345548
001,5.15925,-112.758652,12.679322
001,5.17544,-112.909874,13.108953
001,5.191023,-113.044968,13.422041
001,5.206547,-113.152901,13.624758
001,5.220863,-113.294479,13.853605
001,5.249138,-113.514694,14.125107
001,5.262837,-113.662682,14.275289
001,5.276413,-113.83046,14.411177
001,5.29016,-113.980797,14.471704
001,5.303907,-114.139137,14.46832
001,5.331803,-114.377213,14.225617
001,5.345572,-114.489922,14.094385
001,5.359006,-114.64238,13.987432
001,5.372633,-114.799774,13.882734
001,5.398957,-115.08416,13.438198
001,5.412045,-115.186928,13.107702
001,5.426945,-115.299202,12.72682
001,5.440797,-115.440956,12.248648
001,5.454417,-115.578445,11.842222
001,5.483012,-115.926537,10.799991
001,5.496415,-116.079834,10.133565
001,5.510015,-116.214989,9.443331
001,5.523294,-116.331924,8.847861
001,5.536742,-116.4515,8.356522
001,5.565143,-116.645638,6.867456
001,5.578795,-116.670677,6.466282
001,5.592205,-116.697838,5.901448
001,5.605326,-116.711784,5.590391
001,5.632588,-116.641327,4.78812
001,5.645851,-116.602501,4.591052
001,5.660081,-116.518318,4.275447
001,5.67409,-116.439857,3.943694
001,5.687772,-116.388931,3.673428
001,5.715479,-116.291893,3.184909
001,5.729443,-116.228233,2.935378
001,5.743389,-116.172386,2.828614
001,5.757574,-116.114151,2.74118
001,5.772256,-116.081528,2.588156
001,5.787354,-116.049599,2.460139
001,5.815998,-115.954193,2.202319
001,5.830575,-115.882469,2.06865
001,5.846542,-115.788399,1.996843
001,5.861741,-115.630928,2.038325
001,5.878673,-115.460625,2.121058
001,5.895322,-115.272964,2.224554
001,5.912434,-115.068649,2.361408
001,5.929224,-114.930603,2.453389
001,5.94531,-114.837898,2.489751
001,5.962507,-114.775871,2.461108
001,5.979273,-114.701775,2.426072
001,5.996788,-114.586571,2.493288
001,6.014531,-114.464828,2.632974
001,6.032134,-114.335884,2.803511
001,6.05097,-114.208481,3.010644
001,6.0683,-114.09552,3.254689
001,6.085239,-113.975739,3.471266
001,6.102222,-113.837578,3.879061
001,6.119683,-113.721024,4.405254
001,6.134488,-113.670967,4.900196
001,6.149177,-113.668427,5.414698
001,6.163476,-113.721931,5.930087
001,6.177154,-113.767914,6.347907
001,6.190087,-114.029655,7.026775
001,6.214955,-114.424721,7.793426
001,6.226876,-114.775513,8.192037
001,6.238838,-114.961983,8.411759
001,6.262558,-115.93988,9.100131
001,6.273716,-116.49704,9.391521
001,6.295278,-117.621376,9.835211
001,6.306518,-118.250427,10.009596
001,6.328505,-119.486641,10.250541
001,6.339602,-120.044861,10.310048
001,6.360903,-120.933975,10.318247
001,6.371789,-121.445251,10.249667
001,6.393979,-122.135582,10.065507
001,6.405475,-122.486328,9.898105
001,6.428603,-123.030899,9.603924
001,6.439079,-123.192993,9.526762
001,6.460617,-123.719116,9.435198
001,6.482077,-1.161716,12.193243
001,6.492507,-0.298794,11.778281
001,6.513256,1.39658,10.958377
001,6.523783,2.220778,10.590957
001,6.544553,3.900794,9.892539
001,6.555346,4.788032,9.563622
001,6.57685,6.351119,9.077144
001,6.588151,7.188896,8.867749
001,6.611791,8.653021,8.900581
001,6.623272,9.418845,8.911114
001,6.645543,10.765388,8.766112
001,6.656585,11.423903,8.654177
001,6.678855,12.845339,8.197507
001,6.689811,13.535397,7.97702
001,6.712608,15.073548,7.458054
001,6.723818,15.834888,7.196624
001,6.745605,17.406263,6.689198
001,6.756627,18.206215,6.453878
001,6.778872,19.877941,5.991492
001,6.790275,20.756447,5.757113
001,6.813586,22.622503,5.281102
001,6.824839,23.484219,5.068965
001,6.847438,23.804998,5.029779
001,6.85883,23.787239,5.172559
001,6.881339,23.804176,5.49185
001,6.892766,23.851961,5.690079
001,6.915055,23.935032,5.981266
001,6.926174,23.985229,6.093766
001,6.948822,24.105305,6.252327
001,6.960323,24.18395,6.320795
001,6.983331,24.341875,6.420807
001,6.994647,24.426392,6.453231
001,7.005889,24.519524,6.477005
001,7.028878,24.682703,6.459488
001,7.040301,24.774405,6.427899
001,7.064037,25.028879,6.343311
001,7.075786,25.204416,6.294534
001,7.098824,25.537231,6.229703
001,7.110371,25.749886,6.213657
001,7.134257,26.130215,6.268772
001,7.146472,26.33296,6.338318
001,7.159249,26.726223,6.525292
001,7.184834,27.396111,6.827091
001,7.196804,27.79369,6.988283
001,7.20931,28.219053,7.171835
001,7.234019,28.769571,7.601652
001,7.245955,28.669415,7.770336
001,7.258092,28.496811,8.039747
001,7.282341,28.372482,8.476818
001,7.294373,28.321167,8.678166
001,7.318056,28.229057,8.979414
001,7.330152,28.187803,9.065688
001,7.342216,28.134008,9.146192
001,7.365952,28.082418,9.248122
001,7.377511,28.051046,9.27706
001,7.402806,27.98056,9.304375
001,7.415985,27.97341,9.289959
001,7.428771,27.979311,9.268351
001,7.440681,28.023705,9.189378
001,7.464652,28.197598,9.045462
001,7.476528,28.364872,8.951468
001,7.500804,28.828892,8.737983
001,7.513316,29.226797,8.566067
001,7.525587,29.596874,8.390225
001,7.55061,30.377087,7.998063
001,7.563581,30.699162,7.823529
001,7.576262,31.022839,7.645874
001,7.60232,32.002296,7.213352
001,7.615648,32.449528,7.028348
001,7.628752,33.051601,6.754907
001,7.641798,33.388702,6.587457
001,7.668403,34.230442,6.235791
001,7.682186,34.696182,6.043819
001,7.695522,35.095745,5.859325
001,7.709466,35.569363,5.657734
001,7.737945,36.36898,5.323563
001,7.755681,36.699028,5.162182
001,7.769581,37.131577,4.981165
001,7.783568,37.32523,4.886307
001,7.797327,37.629868,4.760559
001,7.812463,37.899876,4.621184
001,7.827825,38.035156,4.521702
001,7.844307,38.165527,4.432092
001,7.86022,38.280663,4.353834
001,7.877106,38.32531,4.292957
001,7.893572,38.384335,4.215488
001,7.910275,38.416439,4.118545
001,7.927224,38.409634,4.037865
001,7.943754,38.394581,3.976143
001,7.960107,38.368233,3.951753
001,7.976064,38.326622,3.966361
001,7.992514,38.264301,3.991159
001,8.0088,38.176109,4.014369
001,8.025225,38.035862,3.942503
001,8.041429,37.866489,3.581568
001,8.057909,37.705917,3.017319
001,8.074648,37.558975,2.640257
001,8.106599,37.204979,2.490387
001,8.122852,36.989632,2.393776
001,8.139235,36.798252,2.28278
001,8.155554,36.669792,2.229623
001,8.170945,36.596756,2.191493
001,8.186468,36.543964,2.226792
001,8.202146,36.49567,2.230364
001,8.218351,36.472946,2.24754
001,8.234263,36.462185,2.295002
001,8.250187,36.452236,2.351728
001,8.266034,36.443474,2.407921
001,8.28264,36.434338,2.468833
001,8.299561,36.42469,2.533697
001,8.316367,36.371857,2.647949
001,8.332172,36.246704,2.024269
001,8.349655,36.204941,2.011422
001,8.366461,36.13974,1.961092
001,8.393895,36.101871,2.00318
001,8.393895,36.101871,2.00318
001,8.425988,36.042576,2.048111
001,8.425988,36.042576,2.048111
001,8.442748,36.030354,2.009006
001,8.460849,36.125393,1.770996
001,8.478498,36.126324,1.712117
001,8.495416,36.141823,1.66341
001,8.511571,36.166019,1.595313
001,8.529933,36.226891,1.489928
001,8.547311,36.234169,1.4763
001,8.564689,36.270695,1.433147
001,8.581459,36.286499,1.409073
001,8.600277,36.314056,1.385278
001,8.618886,36.325436,1.397456
001,8.635711,36.33997,1.37384
001,8.65381,36.356297,1.386056
001,8.672417,36.375572,1.429902
001,8.692545,36.391987,1.428778
001,8.692545,36.391987,1.428778
001,8.710824,36.397587,1.45974
001,8.728808,139.329758,-8.05486
001,8.746102,139.727982,-8.129211
001,8.759319,139.741226,-8.124471
001,8.786201,140.055435,-8.157714
001,8.799862,140.200348,-8.174313
001,8.814201,140.185974,-8.203909
001,8.827578,140.046082,-8.139701
001,8.855794,140.004593,-8.221317
001,8.869913,140.007645,-8.30753
001,8.883803,139.988129,-8.410681
001,8.897488,140.022186,-8.552761
001,8.911521,140.102051,-8.674595
001,8.938799,140.135696,-8.933458
001,8.95318,140.141708,-9.070017
001,8.966938,140.168121,-9.2225
001,8.980742,140.188736,-9.374653
001,8.995095,140.202637,-9.571088
001,9.025974,140.27742,-10.203646
001,9.039934,140.231674,-10.417936
001,9.052947,140.226807,-10.685192
001,9.066409,140.220657,-10.942418
001,9.080017,140.1203,-11.221102
001,9.096209,140.139389,-11.225401
001,9.117179,140.165054,-11.720424
001,9.135546,140.037079,-11.981118
001,9.15556,139.968414,-12.488681
001,9.175317,139.926437,-12.74155
001,9.194206,139.821365,-13.251511
001,9.194206,139.821365,-13.251511
001,9.214033,139.768448,-13.536703
001,9.232074,139.716949,-13.778499
001,9.249893,139.59816,-14.30267
001,9.271329,139.556198,-14.541003
001,9.289889,139.462433,-15.004523
001,9.309176,139.411636,-15.253292
001,9.328925,139.388687,-15.484212
001,9.328925,139.388687,-15.484212
001,9.346184,139.328293,-15.968651
001,9.365756,139.292068,-16.24308
001,9.383781,139.244431,-16.751776
001,9.400405,139.20816,-17.006279
001,9.419247,139.233627,-17.185925
001,9.438122,139.169113,-17.635965
001,9.455832,139.14624,-17.865295
001,9.47223,139.141113,-18.100924
001,9.491096,139.107208,-18.304125
001,9.510428,139.048416,-18.7292
001,9.527039,139.012146,-18.88871
001,9.545108,138.961441,-19.272976
001,9.545108,138.961441,-19.272976
001,9.563528,138.940002,-19.424229
001,9.581437,138.944458,-19.378525
001,9.600554,138.90744,-19.724277
001,9.62067,138.869232,-19.836323
001,9.638386,138.845795,-19.953972
001,9.657769,138.797134,-20.228031
001,9.677073,138.770538,-20.343695
001,9.693733,138.694031,-20.594435
001,9.713842,138.662369,-20.736032
001,9.713842,138.662369,-20.736032
001,9.732962,138.660294,-20.80088
001,9.750756,138.612076,-21.015579
001,9.770163,138.609497,-21.120308
001,9.788455,138.605255,-21.183685
001,9.80838,138.567429,-21.361084
001,9.828512,138.587494,-21.44693
001,9.828512,138.587494,-21.44693
001,9.846751,138.576523,-21.61203
001,9.866271,138.569351,-21.681
001,9.884388,138.533875,-21.838455
001,9.902453,138.551743,-21.911823
001,9.922754,138.539581,-21.951801
001,9.941783,138.540146,-22.112604
001,9.964105,138.570862,-22.138565
001,9.964105,138.570862,-22.138565
001,9.983603,138.570648,-22.26351
001,10.001164,138.603226,-22.295904
001,10.021077,138.606644,-22.417702
001,10.039254,138.624985,-22.434698
001,10.059195,138.653778,-22.500998
001,10.079006,138.644882,-22.517141
001,10.079006,138.644882,-22.517141
001,10.097889,138.650208,-22.507578
001,10.118647,138.635742,-22.52088
001,10.137258,138.658554,-22.519424
001,10.156926,138.659973,-22.557585
001,10.176988,138.642319,-22.543819
001,10.195839,138.62822,-22.572586
001,10.195839,138.62822,-22.572586
001,10.217863,138.626602,-22.562782
001,10.235703,138.620529,-22.593227
001,10.255475,138.620026,-22.605742
001,10.275393,138.632324,-22.630386
001,10.293921,138.648636,-22.664005
001,10.313213,138.661713,-22.67942
001,10.313213,138.661713,-22.67942
001,10.331711,138.657089,-22.723902
001,10.352084,138.655609,-22.74494
001,10.372734,138.663132,-22.772509
001,10.394031,138.63826,-22.793255
001,10.413773,138.606552,-22.8148
001,10.413773,138.606552,-22.8148
001,10.434363,138.575119,-22.775347
001,10.453792,138.530182,-22.760248
001,10.471803,138.5047,-22.748705
001,10.4921,138.469452,-22.724972
001,10.511601,138.417816,-22.70986
001,10.530204,138.369873,-22.686615
001,10.530204,138.369873,-22.686615
001,10.549429,138.25647,-22.667452
001,10.568787,138.220825,-22.620884
001,10.588851,138.1828,-22.561703
001,10.608888,138.095123,-22.516605
001,10.627349,138.05838,-22.489239
001,10.64876,137.992935,-22.445732
001,10.64876,137.992935,-22.445732
001,10.667529,137.949966,-22.420448
001,10.688259,137.927094,-22.395819
001,10.707807,137.861328,-22.343277
001,10.727769,137.810516,-22.346649
001,10.747561,137.759491,-22.31358
001,10.747561,137.759491,-22.31358
001,10.76557,137.68985,-22.265911
001,10.780807,137.653152,-22.251785
001,10.804051,137.584274,-22.197752
001,10.816866,137.577408,-22.176039
001,10.842008,137.447357,-22.171425
001,10.85551,137.468811,-22.157541
001,10.869709,137.449097,-22.132761
001,10.883312,137.403183,-22.125839
001,10.89771,137.348785,-22.1346
001,10.922797,137.289246,-22.077671
001,10.935701,137.252396,-22.085268
001,10.949048,137.213409,-22.101551
001,10.966728,137.211929,-22.103905
001,10.992761,137.106766,-22.088865
001,11.003866,137.059723,-22.096359
001,11.017157,137.061203,-22.108006
001,11.043211,137.014328,-22.079117
001,11.056611,136.989395,-22.07478
001,11.070605,136.957474,-22.071096
001,11.083559,136.928726,-22.082405
001,11.097146,136.914337,-22.070929
001,11.124293,136.855774,-22.035629
001,11.138244,136.827667,-22.023445
001,11.15216,136.80365,-21.999207
001,11.165681,136.785828,-21.981377
001,11.19324,136.705215,-21.868975
001,11.20729,136.627716,-21.792694
001,11.221654,136.561005,-21.706478
001,11.234937,136.493347,-21.598833
001,11.249053,136.435272,-21.510418
001,11.27644,136.285934,-21.231247
001,11.290953,136.232315,-21.098051
001,11.304557,136.128647,-20.877697
001,11.318661,136.065216,-20.771217
001,11.33236,135.898102,-20.619064
001,11.36165,135.686615,-20.483141
001,11.374166,135.626694,-20.394554
001,11.388018,135.58902,-20.333328
001,11.40191,135.496704,-20.233835
001,11.415695,135.389465,-20.121216
001,11.443398,135.155075,-19.896984
001,11.457567,135.033432,-19.792629
001,11.470981,134.938354,-19.691246
001,11.485083,134.83873,-19.578876
001,11.499146,134.721649,-19.472134
001,11.5265,134.501175,-19.248753
001,11.541201,134.391373,-19.084858
001,11.5555,134.297256,-19.006863
001,11.569348,134.226898,-18.890648
001,11.583763,134.156937,-18.807241
001,11.601627,134.001892,-18.793865
001,11.620979,133.851791,-18.724659
001,11.639541,133.513687,-18.529739
001,11.657175,133.396408,-18.28507
001,11.676642,133.015915,-18.198856
001,11.695435,132.979279,-17.840422
001,11.713691,132.635361,-17.609247
001,11.735166,132.499695,-17.585327
001,11.735166,132.499695,-17.585327
001,11.755333,132.339996,-17.46401
001,11.779893,132.039963,-17.281536
001,11.800715,131.782898,-17.1101
001,11.800715,131.782898,-17.1101
001,11.819711,131.538773,-16.931067
001,11.838626,131.412643,-16.839638
001,11.859889,131.377213,-16.71483
001,11.879434,131.230392,-16.552998
001,11.902367,131.098358,-16.357292
001,11.902367,131.098358,-16.357292
001,11.919177,131.047333,-16.290552
001,11.942155,130.91214,-16.093113
001,11.96123,130.827072,-15.966998
001,11.98207,130.680328,-15.791914
001,12.002376,130.633408,-15.647531
001,12.002376,130.633408,-15.647531
001,12.023087,130.546341,-15.547797
001,12.042377,130.456345,-15.505463
001,12.062687,130.289902,-15.317962
001,12.082754,130.198807,-15.164714
001,12.082754,130.198807,-15.164714
001,12.103138,130.093719,-15.061676
001,12.124559,129.899124,-14.839705
001,12.144461,129.720688,-14.644352
001,12.165899,129.661102,-14.553059
001,12.185079,129.605789,-14.47316
001,12.185079,129.605789,-14.47316
001,12.206048,129.439285,-14.339328
001,12.225093,129.384964,-14.285535
001,12.246862,129.270203,-14.200274
001,12.267112,129.160721,-14.076035
001,12.267112,129.160721,-14.076035
001,12.289038,129.121048,-14.069876
001,12.309285,129.033096,-13.989361
001,12.33121,128.957962,-13.893202
001,12.35078,128.957535,-13.860551
001,12.35078,128.957535,-13.860551
001,12.373021,128.924805,-13.793771
001,12.394313,128.919189,-13.796711
001,12.414895,128.888672,-13.730957
001,12.434588,128.891251,-13.678889
001,12.434588,128.891251,-13.678889
001,12.45603,128.913849,-13.689199
001,12.476114,128.920654,-13.641863
001,12.496782,128.993637,-13.623738
001,12.517742,129.11908,-13.654401
001,12.517742,129.11908,-13.654401
001,12.538145,129.218719,-13.644478
001,12.558489,129.311035,-13.66161
001,12.580386,129.465363,-13.653952
001,12.601385,129.583923,-13.674192
001,12.601385,129.583923,-13.674192
001,12.621306,129.663925,-13.719148
001,12.641596,129.819824,-13.729019
001,12.660651,129.913925,-13.805191
001,12.680797,130.082245,-13.902701
001,12.701085,130.212982,-13.957253
001,12.701085,130.212982,-13.957253
001,12.721203,130.419266,-14.045405
001,12.740581,130.548019,-14.06268
001,12.760845,130.625961,-14.063343
001,12.782183,130.732727,-14.092562
001,12.799652,130.949585,-14.154196
001,12.819407,131.089386,-14.149061
001,12.819407,131.089386,-14.149061
001,12.839234,131.226593,-14.179174
001,12.860806,131.458908,-14.141258
001,12.879829,131.671188,-14.117482
001,12.90048,131.809769,-14.056447
001,12.921621,132.042297,-13.982424
001,12.921621,132.042297,-13.982424
001,12.943748,132.131866,-13.89156
001,12.963347,132.307724,-13.744694
001,12.984968,132.336853,-13.640015
001,12.984968,132.336853,-13.640015
001,13.005076,132.442169,-13.44354
001,13.025236,132.41423,-13.308033
001,13.045367,132.462204,-13.075521
001,13.064322,132.391327,-12.891261
001,13.084367,132.402664,-12.578546
001,13.103204,132.252975,-12.274822
001,13.103204,132.252975,-12.274822
001,13.123168,132.117981,-11.886987
001,13.143395,131.958252,-11.51964
001,13.161946,131.840576,-11.243667
001,13.182494,131.656921,-10.871263
001,13.201222,131.351654,-10.254337
001,13.22182,131.105942,-9.834998
001,13.22182,131.105942,-9.834998
001,13.24233,130.853409,-9.415771
001,13.263952,130.37854,-8.57959
001,13.283486,129.885254,-7.712439
001,13.304836,129.536331,-7.142396
001,13.304836,129.536331,-7.142396
001,13.325264,128.960983,-6.151331
001,13.346929,128.558914,-5.541048
001,13.367061,127.893021,-4.442384
001,13.389184,127.479706,-3.761561
001,13.389184,127.479706,-3.761561
001,13.409184,126.696335,-2.474613
001,13.430434,125.931808,-1.192644
001,13.450863,125.399994,-0.464055
001,13.471616,124.528923,0.868753
001,13.471616,124.528923,0.868753
001,13.492745,124.006317,1.68947
001,13.513518,123.538818,2.463638
001,13.534541,123.015617,3.310391
001,13.556699,121.979141,4.882963
001,13.556699,121.979141,4.882963
001,13.576344,120.938492,6.420668
001,13.598105,120.431396,7.348301
001,13.618963,119.38974,8.955301
001,13.618963,119.38974,8.955301
001,13.641046,118.890465,9.77355
001,13.661431,117.91494,11.378614
001,13.68239,116.988495,12.892868
001,13.702805,116.569229,13.698133
001,13.702805,116.569229,13.698133
001,13.72338,115.67421,15.215631
001,13.743418,115.33493,15.919874
001,13.764198,114.943932,16.673082
001,13.785192,114.605286,17.501892
001,13.807635,113.905205,19.039883
001,13.807635,113.905205,19.039883
001,13.827066,113.215591,20.605417
001,13.848242,112.934563,21.394842
001,13.868858,112.296829,22.918859
001,13.889419,112.117813,23.691149
001,13.889419,112.117813,23.691149
001,13.91051,111.563553,25.25806
001,13.93221,111.358437,26.103258
001,13.952274,110.89904,27.679354
001,13.97232,110.454796,29.229853
001,13.97232,110.454796,29.229853
001,13.994105,110.298203,30.06365
001,14.016135,109.92379,31.667364
001,14.035932,109.811081,32.462711
001,14.059606,109.657501,33.331066
001,14.059606,109.657501,33.331066
001,14.079895,109.38295,34.925816
001,14.102594,109.105347,36.5452
001,14.120926,109.019943,37.43375
001,14.120926,109.019943,37.43375
001,14.141386,108.757248,39.097031
001,14.161475,108.677223,39.953789
001,14.18317,108.504799,41.691925
001,14.202993,108.443024,42.606136
001,14.224094,108.427879,43.591034
001,14.224094,108.427879,43.591034
001,14.244869,108.304123,45.551403
001,14.266387,108.259583,46.53867
001,14.28655,108.233467,47.574165
001,14.308777,108.177803,49.50317
001,14.308777,108.177803,49.50317
001,14.328379,108.14254,50.49371
001,14.348079,108.079399,52.471725
001,14.368616,108.004036,53.438683
001,14.387362,107.911995,55.455189
001,14.387362,107.911995,55.455189
001,14.408367,107.819763,56.669605
001,14.427176,107.657074,58.762123
001,14.447472,107.552544,59.535431
001,14.467414,107.382812,61.570953
001,14.488691,107.121895,62.678413
001,14.488691,107.121895,62.678413
001,14.509314,106.81311,64.628624
001,14.529402,106.49028,66.530502
001,14.550441,106.138161,67.551384
001,14.571692,105.672058,69.56488
001,14.571692,105.672058,69.56488
001,14.592218,105.316124,70.526108
001,14.612806,104.985336,71.458504
001,14.632893,104.668114,72.335609
001,14.651589,104.117142,74.251099
001,14.672964,103.733612,75.196274
001,14.672964,103.733612,75.196274
001,14.69137,103.126839,77.080498
001,14.711802,102.778419,78.039482
001,14.733027,102.123688,79.973831
001,14.752995,101.786674,80.911026
001,14.773132,101.141212,82.795189
001,14.773132,101.141212,82.795189
001,14.793536,100.776207,83.715828
001,14.813032,100.069939,85.548744
001,14.832056,99.660767,86.497726
001,14.851936,98.918007,88.373703
001,14.870986,98.510086,89.28183
001,14.891915,98.107399,90.19738
001,14.891915,98.107399,90.19738
001,14.912506,97.231628,92.051659
001,14.933095,96.374054,93.887535
001,14.953821,95.885109,94.875488
001,14.974129,95.459183,95.801208
001,14.974129,95.459183,95.801208
001,14.993703,95.045204,96.501053
001,15.010378,94.189735,98.284546
001,15.030137,93.765884,99.186279
001,15.050087,93.400276,100.221504
001,15.06859,92.590897,102.142921
001,15.088102,92.229187,102.802727
001,15.105733,91.502853,104.586731
001,15.105733,91.502853,104.586731
001,15.123258,91.152336,105.531815
001,15.143505,90.987785,106.3993
001,15.162249,90.424667,108.122673
001,15.18343,90.227783,108.895401
001,15.204748,89.690048,110.549782
001,15.222826,89.488861,111.256836
001,15.222826,89.488861,111.256836
001,15.243089,89.047638,112.748276
001,15.261319,88.991096,113.387177
001,15.28168,88.850334,114.056931
001,15.301521,88.593323,115.26815
001,15.319901,88.487282,115.7603
001,15.340158,88.411461,116.267838
001,15.340158,88.411461,116.267838
001,15.359607,88.332062,116.791702
001,15.380034,88.132133,117.877472
001,15.399977,88.114838,118.328773
001,15.419018,88.009979,119.3228
001,15.438308,87.99662,119.691833
001,15.455932,87.976768,120.467102
001,15.455932,87.976768,120.467102
001,15.473282,88.04425,120.669113
001,15.492976,88.085182,121.334518
001,15.51187,88.150665,121.595589
001,15.53167,88.246124,121.944321
001,15.551195,88.32412,122.556877
001,15.570124,88.413582,122.822884
001,15.589293,88.505432,123.385551
001,15.608269,88.514099,123.621765
001,15.608269,88.514099,123.621765
001,15.625912,88.486809,123.809586
001,15.645342,88.538948,124.257675
001,15.664077,88.556282,124.356857
001,15.681724,88.558105,124.510406
001,15.701322,88.547775,124.639236
001,15.719917,88.507957,124.763283
001,15.737857,88.477921,125.074783
001,15.75696,88.453362,125.199005
001,15.75696,88.453362,125.199005
001,15.777607,88.455078,125.245491
001,15.797557,88.422432,125.412941
001,15.816413,88.399422,125.391518
001,15.833847,88.387688,125.472954
001,15.855279,88.367775,125.461578
001,15.873592,88.35305,125.50293
001,15.873592,88.35305,125.50293
001,15.893005,88.325493,125.505531
001,15.912169,88.288338,125.535538
001,15.929514,88.284302,125.564072
001,15.949085,88.257149,125.584915
001,15.968736,88.237152,125.645615
001,15.986194,88.227478,125.635612
001,16.005478,88.210663,125.618538
001,16.024866,88.204918,125.560829
001,16.024866,88.204918,125.560829
001,16.041834,88.186424,125.531807
001,16.062197,88.185745,125.506172
001,16.082174,88.208565,125.463631
001,16.099754,88.213081,125.434135
001,16.120182,88.222908,125.402298
001,16.138557,88.233757,125.346123
001,16.155638,88.247299,125.318336
001,16.175037,88.256683,125.274704
001,16.175037,88.256683,125.274704
001,16.193035,88.265266,125.244774
001,16.2103,88.277496,125.216278
001,16.230705,88.282394,125.187531
001,16.249279,88.28611,125.13858
001,16.266302,88.292931,125.063774
001,16.2854,88.302414,125.02726
001,16.304459,88.317451,125.010857
001,16.321281,88.328613,124.947548
001,16.340881,88.326744,124.909821
001,16.360167,88.31205,124.888245
001,16.360167,88.31205,124.888245
001,16.377502,88.305519,124.849083
001,16.396467,88.304367,124.803864
001,16.415951,88.308113,124.785194
001,16.43376,88.290192,124.731682
001,16.45351,88.282356,124.718536
001,16.471643,88.269821,124.649597
001,16.491924,88.274971,124.660507
001,16.491924,88.274971,124.660507
001,16.511709,88.261238,124.608253
001,16.530025,88.253281,124.571899
001,16.548742,88.245102,124.524811
001,16.568594,88.251381,124.510193
001,16.586351,88.248291,124.49118
001,16.605247,88.236008,124.461975
001,16.62475,88.237968,124.460938
001,16.642767,88.221283,124.412064
001,16.642767,88.221283,124.412064
001,16.662439,88.220192,124.397789
001,16.681377,88.222862,124.39325
001,16.701014,88.225906,124.35405
001,16.720348,88.229691,124.347672
001,16.738464,88.226723,124.317863
001,16.758646,88.227531,124.311974
001,16.758646,88.227531,124.311974
001,16.777092,88.222595,124.282631
001,16.794662,88.221138,124.265564
001,16.814159,88.219643,124.253609
001,16.833061,88.216095,124.215988
001,16.857185,88.199226,124.216202
001,16.875233,88.19371,124.187347
001,16.892475,88.173119,124.188042
001,16.892475,88.173119,124.188042
001,16.91188,88.149734,124.159637
001,16.931252,88.110397,124.148109
001,16.948544,88.087944,124.129059
001,16.968031,88.061264,124.120918
001,16.987391,88.016769,124.119186
001,17.004436,87.968384,124.092087
001,17.024555,87.863213,124.033546
001,17.042408,87.769234,123.971642
001,17.042408,87.769234,123.971642
001,17.06004,87.704704,123.95903
001,17.079401,87.565056,123.963783
001,17.09816,87.381317,123.882233
001,17.11603,87.241669,123.809563
001,17.135662,87.085243,123.732498
001,17.153982,86.852623,123.625969
001,17.171991,86.650276,123.54213
001,17.191372,86.343613,123.376633
001,17.209957,86.193901,123.276733
001,17.209957,86.193901,123.276733
001,17.22979,86.023155,123.17305
001,17.249466,85.715111,122.969841
001,17.267527,85.614906,122.787071
001,17.287647,85.501053,122.668839
001,17.307453,85.408844,122.504318
001,17.328211,85.168663,122.201202
001,17.328211,85.168663,122.201202
001,17.348452,85.090767,122.025955
001,17.369225,84.848579,121.695534
001,17.389912,84.769135,121.466431
001,17.408783,84.573059,121.104195
001,17.428755,84.472664,120.889198
001,17.428755,84.472664,120.889198
001,17.447813,84.279137,120.459572
001,17.467756,84.259865,120.182632
001,17.487602,84.105698,119.729706
001,17.505747,84.062889,119.476089
001,17.525574,83.963982,119.009354
001,17.543449,83.926559,118.772278
001,17.543449,83.926559,118.772278
001,17.560484,83.948776,118.525467
001,17.578527,83.944122,118.290817
001,17.595907,83.948227,118.039406
001,17.613379,83.996544,117.762566
001,17.630365,84.011307,117.216782
001,17.643845,84.022263,116.914955
001,17.672306,84.067741,116.240547
001,17.685898,84.129822,115.909149
001,17.699448,84.213364,115.570412
001,17.712473,84.236488,115.53537
001,17.741116,84.495796,114.772652
001,17.758736,84.781052,114.032974
001,17.771107,84.953842,113.665543
001,17.783735,85.123131,113.286469
001,17.796522,85.31488,112.924019
001,17.822308,85.57412,112.583588
001,17.835546,85.799545,112.251091
001,17.849415,86.03746,111.930977
001,17.86307,86.29187,111.631096
001,17.891182,86.800606,111.024773
001,17.904673,87.058189,110.735634
001,17.918804,87.314369,110.4468
001,17.932774,87.578239,110.160866
001,17.94681,87.853226,109.85936
001,17.974438,88.401489,109.287025
001,17.991783,88.971802,108.677002
001,18.004406,89.257965,108.359589
001,18.017361,89.565727,108.009102
001,18.03039,89.578499,107.988609
001,18.057964,90.206406,107.385193
001,18.071993,90.527138,107.084167
001,18.085754,90.846741,106.75592
001,18.099703,91.163902,106.427086
001,18.113155,91.484436,106.052307
001,18.141369,92.124733,105.255379
001,18.15518,92.431,104.844452
001,18.169298,92.742859,104.445358
001,18.182762,93.056404,104.028297
001,18.197145,93.410789,103.579163
001,18.213039,94.051247,102.712738
001,18.239298,94.703972,101.770485
001,18.252783,94.699707,101.738152
001,18.266924,95.01548,101.245735
001,18.2806,95.333054,100.752808
001,18.308674,95.963921,99.743256
001,18.322428,96.259262,99.202469
001,18.336561,96.545013,98.656334
001,18.350296,96.82785,98.060715
001,18.363848,97.104065,97.462074
001,18.395723,97.920502,95.499832
001,18.395723,97.920502,95.499832
001,18.421309,98.486816,94.043144
001,18.4342,98.48217,93.950615
001,18.447386,98.765091,93.194496
001,18.475199,99.343834,91.621483
001,18.489677,99.647354,90.80323
001,18.503168,99.969589,89.999619
001,18.518118,100.299431,89.130646
001,18.531412,100.667381,88.264618
001,18.559158,101.387146,86.477348
001,18.572531,101.756844,85.607727
001,18.586351,102.135643,84.671173
001,18.603657,102.860954,82.832298
001,18.616491,103.263069,81.870819
001,18.629547,103.633537,80.874741
001,18.65568,104.063011,79.931023
001,18.669571,104.442749,78.977943
001,18.683519,104.842377,77.985893
001,18.697708,105.234024,76.998436
001,18.725639,106.001236,74.930344
001,18.739901,106.394508,73.887482
001,18.753447,106.763908,72.886345
001,18.767803,107.117859,71.895943
001,18.781429,107.46524,70.837738
001,18.80876,108.179733,68.949928
001,18.826157,108.850395,67.02005
001,18.839266,109.103844,66.039207
001,18.852783,109.35762,65.038628
001,18.865845,109.299675,65.051048
001,18.892025,109.758232,63.175137
001,18.905853,109.994164,62.208927
001,18.919537,110.213379,61.24094
001,18.933498,110.400711,60.281628
001,18.947706,110.58371,59.316605
001,18.975542,110.896172,57.354511
001,18.989119,111.054169,56.378563
001,19.002958,111.196709,55.426743
001,19.016745,111.312447,54.463749
001,19.030704,111.445129,53.524651
001,19.058832,111.646034,51.614357
001,19.075764,111.834511,49.690327
001,19.089134,111.891556,48.728508
001,19.101671,111.92231,47.77018
001,19.11532,111.865021,47.760902
001,19.143717,111.888107,45.829578
001,19.155199,111.87767,44.867466
001,19.168715,111.873734,43.912731
001,19.183039,111.833046,42.943665
001,19.209162,111.772896,40.998779
001,19.22401,111.74482,40.006332
001,19.237444,111.688522,38.991951
001,19.25086,111.601685,37.944038
001,19.263464,111.560402,36.882568
001,19.292025,111.463638,34.770729
001,19.304852,111.392105,33.720951
001,19.318075,111.327568,32.700233
001,19.330885,111.340157,32.700356
001,19.356136,111.277916,30.433056
001,19.369774,111.272964,29.333427
001,19.383518,111.270393,28.317509
001,19.409409,111.280998,26.340998
001,19.422932,111.342003,25.382385
001,19.436499,111.382088,24.418617
001,19.450548,111.44352,23.430664
001,19.477718,111.646698,21.435104
001,19.491785,111.77317,20.443089
001,19.505022,111.917175,19.483379
001,19.518955,112.075111,18.545877
001,19.53405,112.275406,17.6241
001,19.559731,112.694786,15.826427
001,19.573481,112.882019,14.965542
001,19.587099,113.056358,14.13179
001,19.601215,113.196777,13.267825
001,19.616858,113.318359,12.367516
001,19.642441,113.605652,10.60354
001,19.656891,113.765991,9.747495
001,19.671568,113.903465,8.902783
001,19.685251,114.043167,8.042121
001,19.699659,114.171753,7.16214
001,19.728136,114.379898,5.398567
001,19.742004,114.476799,4.515757
001,19.755432,114.603767,3.648048
001,19.770674,114.704536,2.778852
001,19.783527,114.788643,1.881932
001,19.798412,114.911911,1.0058
001,19.826395,115.198097,-0.665322
001,19.839926,115.366234,-1.484627
001,19.853279,115.51844,-2.325364
001,19.8675,115.705963,-3.18368
001,19.881433,115.83474,-4.061385
001,19.909389,116.177055,-5.811761
001,19.924265,116.335655,-6.628096
001,19.938322,116.493698,-7.436535
001,19.951981,116.613579,-8.253366
001,19.966137,116.783035,-9.06217
001,19.993181,117.120422,-10.682066
001,20.007368,117.191628,-11.437016
001,20.021969,117.341682,-12.19095
001,20.036398,117.443634,-12.901073
001,20.04987,117.582413,-13.579923
001,20.077339,117.843613,-14.740136
001,20.091101,117.948196,-15.32743
001,20.105078,117.976166,-15.844409
001,20.118847,117.989555,-16.225895
001,20.133121,118.06662,-16.499237
001,20.161148,118.281044,-17.129738
001,20.174669,118.435921,-17.387596
001,20.189569,118.643845,-17.745199
001,20.203508,118.850624,-18.057999
001,20.215933,119.041954,-18.286858
001,20.242805,119.562889,-18.618738
001,20.256477,119.82309,-18.721876
001,20.270239,120.04467,-18.719929
001,20.284273,120.296028,-18.844622
001,20.312794,120.667908,-19.29476
001,20.327021,120.812416,-19.400913
001,20.341026,120.99192,-19.433125
001,20.354853,121.248291,-19.507725
001,20.369194,121.507416,-19.54748
001,20.38312,121.924629,-19.510752
001,20.411404,122.655251,-19.601704
001,20.425957,122.635857,-19.586252
001,20.442896,123.060501,-19.652792
001,20.456079,123.688232,-19.462004
001,20.469294,124.018356,-19.412861
001,20.484013,124.049469,-19.578806
001,20.502764,124.219322,-19.19838
001,20.521751,124.527275,-19.230711
001,20.540714,124.984383,-19.09737
001,20.561239,125.365379,-18.628849
001,20.580276,125.982666,-18.327246
001,20.601942,126.158012,-17.910667
001,20.601942,126.158012,-17.910667
001,20.622242,126.586998,-17.560219
001,20.64422,126.887199,-17.333395
001,20.665819,127.372452,-16.991199
001,20.688807,127.801552,-16.653275
001,20.688807,127.801552,-16.653275
001,20.712099,128.015488,-16.466658
001,20.733339,128.248322,-16.087091
001,20.733339,128.248322,-16.087091
001,20.755821,128.462372,-15.635079
001,20.778282,128.356583,-15.284726
001,20.800074,128.418228,-14.655961
001,20.800074,128.418228,-14.655961
001,20.819296,128.553238,-13.973575
001,20.840342,128.587006,-13.460512
001,20.859509,128.661667,-13.048859
001,20.883959,128.836044,-12.275812
001,20.883959,128.836044,-12.275812
001,20.902266,128.852402,-11.686712
001,20.924419,128.92514,-10.717654
001,20.945084,128.849335,-10.099277
001,20.966503,128.837738,-9.037193
001,20.986027,128.774933,-8.395946
001,20.986027,128.774933,-8.395946
001,21.008444,128.720154,-7.262466
001,21.031519,128.652832,-6.62766
001,21.052311,128.556412,-5.298853
001,21.052311,128.556412,-5.298853
001,21.073729,128.398254,-3.96657
001,21.095274,128.333664,-3.150893
001,21.116306,128.271072,-2.364561
001,21.136,128.220825,-1.562174
001,21.136,128.220825,-1.562174
001,21.158539,128.125351,-0.091062
001,21.179049,128.0466,1.397594
001,21.200537,128.027206,2.183742
001,21.221577,127.939583,3.676855
001,21.221577,127.939583,3.676855
001,21.243151,127.962509,4.352696
001,21.264065,127.889145,5.790384
001,21.285858,127.805946,7.227767
001,21.285858,127.805946,7.227767
001,21.306585,127.734566,7.846887
001,21.329243,127.619049,9.254597
001,21.351318,127.469482,10.019904
001,21.351318,127.469482,10.019904
001,21.372,127.2519,11.371085
001,21.394251,127.004707,12.760046
001,21.416044,126.796684,13.458054
001,21.439163,126.617493,14.045135
001,21.439163,126.617493,14.045135
001,21.460041,126.309113,15.344442
001,21.481607,126.02253,16.509483
001,21.504606,125.877037,17.147299
001,21.504606,125.877037,17.147299
001,21.526833,125.557159,18.392786
001,21.548372,125.331749,19.07316
001,21.568907,124.920151,20.3601
001,21.568907,124.920151,20.3601
001,21.590773,124.639221,21.060188
001,21.610746,124.193863,22.419239
001,21.633724,123.938438,23.001375
001,21.65374,123.350655,24.320175
001,21.65374,123.350655,24.320175
001,21.674973,122.765144,25.673628
001,21.695284,122.388901,26.471746
001,21.717628,121.723831,27.844906
001,21.737099,121.030724,29.266998
001,21.737099,121.030724,29.266998
001,21.759708,120.624184,29.991585
001,21.779167,120.200172,30.736469
001,21.800512,119.744286,31.480625
001,21.821005,118.923203,32.959408
001,21.821005,118.923203,32.959408
001,21.843058,118.082169,34.45895
001,21.866455,117.554855,35.240215
001,21.888144,116.617561,36.840931
001,21.888144,116.617561,36.840931
001,21.909489,115.708122,38.451855
001,21.930723,115.18869,39.311733
001,21.953671,114.197517,41.001865
001,21.953671,114.197517,41.001865
001,21.97386,113.21727,42.709209
001,21.993988,112.759529,43.589447
001,22.014774,112.328995,44.46664
001,22.037317,111.481369,46.119587
001,22.037317,111.481369,46.119587
001,22.057703,111.046013,46.901966
001,22.079437,110.238609,48.587868
001,22.102835,109.91819,49.4095
001,22.102835,109.91819,49.4095
001,22.123995,109.254684,51.055389
001,22.145674,108.991875,51.912254
001,22.167322,108.317909,53.625309
001,22.188057,107.657394,55.327724
001,22.188057,107.657394,55.327724
001,22.209034,107.407166,56.125687
001,22.231941,107.239517,56.871571
001,22.252386,106.793388,58.487988
001,22.275335,106.398834,60.054703
001,22.275335,106.398834,60.054703
001,22.293673,106.179787,60.855804
001,22.314592,105.757965,62.414211
001,22.334631,105.600533,63.196884
001,22.355019,105.197968,64.795364
001,22.355019,105.197968,64.795364
001,22.375988,105.041733,65.639
001,22.398903,104.874298,66.419449
001,22.418655,104.499939,68.02066
001,22.438227,104.328629,68.814903
001,22.438227,104.328629,68.814903
001,22.45883,104.192642,69.634094
001,22.480698,103.886185,71.243736
001,22.499941,103.783943,72.139435
001,22.520939,103.540298,73.825249
001,22.520939,103.540298,73.825249
001,22.54187,103.48455,74.75486
001,22.559305,103.284882,76.545944
001,22.580809,103.242493,77.481445
001,22.60046,103.088585,79.293564
001,22.62022,103.037071,80.250259
001,22.62022,103.037071,80.250259
001,22.640165,102.886269,81.986031
001,22.662037,102.776527,82.96611
001,22.682192,102.60247,84.783791
001,22.70402,102.462044,85.797325
001,22.70402,102.462044,85.797325
001,22.724022,102.203224,87.595024
001,22.743273,101.913773,89.416
001,22.763374,101.769974,90.291634
001,22.78227,101.601837,91.19574
001,22.801321,101.466988,92.052399
001,22.821186,101.2509,92.896233
001,22.821186,101.2509,92.896233
001,22.841978,100.858902,94.574631
001,22.861399,100.507263,96.253983
001,22.882696,100.26429,96.939972
001,22.903797,99.871513,98.469963
001,22.922489,99.645424,99.136284
001,22.922489,99.645424,99.136284
001,22.942547,99.263885,100.54274
001,22.961575,99.121078,101.204956
001,22.981754,98.974403,101.933548
001,23.000782,98.667511,103.345512
001,23.019405,98.555107,104.073593
001,23.039371,98.22039,105.486389
001,23.039371,98.22039,105.486389
001,23.057844,98.018715,106.11496
001,23.079369,97.83757,106.7621
001,23.099606,97.496643,108.077225
001,23.121035,97.328445,108.70639
001,23.141121,97.128937,109.33992
001,23.141121,97.128937,109.33992
001,23.161476,96.735184,110.642349
001,23.182051,96.504387,111.301361
001,23.200705,96.089272,112.571884
001,23.221239,95.883766,113.156418
001,23.24164,95.46711,114.4021
001,23.24164,95.46711,114.4021
001,23.262323,95.25428,114.992081
001,23.280188,94.827095,116.207245
001,23.3008,94.611191,116.792282
001,23.321404,94.153366,117.939209
001,23.342962,93.921646,118.541107
001,23.342962,93.921646,118.541107
001,23.362671,93.520882,119.800125
001,23.380272,93.233498,120.510994
001,23.401457,92.779633,121.784195
001,23.420368,92.544876,122.264275
001,23.441776,92.366577,122.87545
001,23.441776,92.366577,122.87545
001,23.461157,92.068398,123.978439
001,23.481779,92.024467,124.378777
001,23.502151,91.941002,124.928307
001,23.520117,91.680496,125.973999
001,23.540724,91.601784,126.363136
001,23.540724,91.601784,126.363136
001,23.559534,91.379837,127.360619
001,23.579285,91.31691,127.810501
001,23.598616,91.134453,128.723877
001,23.618185,91.162575,129.077438
001,23.63751,91.071411,129.834717
001,23.657139,91.042946,130.182327
001,23.657139,91.042946,130.182327
001,23.677687,91.010925,130.394012
001,23.69898,90.953125,130.94339
001,23.719955,90.888382,131.529465
001,23.739769,90.936096,131.745514
001,23.739769,90.936096,131.745514
001,23.757612,90.939934,132.005386
001,23.778265,90.947517,132.246109
001,23.798004,90.960678,132.522018
001,23.817694,90.964661,133.119629
001,23.837099,90.979195,133.25824
001,23.855143,91.043343,133.731491
001,23.876245,91.105537,134.00032
001,23.876245,91.105537,134.00032
001,23.894308,91.240913,134.417023
001,23.915035,91.357841,134.605438
001,23.934179,91.485252,135.07431
001,23.952549,91.520256,135.224121
001,23.971514,91.64563,135.611801
001,23.990337,91.689453,135.773987
001,23.990337,91.689453,135.773987
001,24.00839,91.741669,135.90506
001,24.029375,91.831139,136.211258
001,24.047304,91.869583,136.263565
001,24.066477,91.920219,136.391724
001,24.088694,91.930481,136.50206
001,24.10923,92.00779,136.742615
001,24.10923,92.00779,136.742615
001,24.129538,92.026527,136.81485
001,24.150242,92.093834,137.017197
001,24.17063,92.133774,137.083939
001,24.19075,92.180344,137.27449
001,24.19075,92.180344,137.27449
001,24.21047,92.222794,137.394211
001,24.228403,92.293098,137.572281
001,24.249596,92.367592,137.638092
001,24.268776,92.466301,137.777466
001,24.286991,92.534569,137.801132
001,24.306511,92.606674,137.894684
001,24.324772,92.655067,137.944992
001,24.324772,92.655067,137.944992
001,24.344707,92.696495,137.983734
001,24.363987,92.72805,138.045959
001,24.382032,92.728539,138.057022
001,24.401165,92.711258,138.07724
001,24.420702,92.705345,138.095779
001,24.439184,92.701599,138.11618
001,24.458654,92.742844,138.164871
001,24.458654,92.742844,138.164871
001,24.47764,92.724762,138.146072
001,24.498272,92.728592,138.158722
001,24.518705,92.718155,138.158218
001,24.536219,92.726051,138.161926
001,24.556585,92.731766,138.146286
001,24.575382,92.742744,138.147324
001,24.575382,92.742744,138.147324
001,24.593203,92.75412,138.142944
001,24.613377,92.77195,138.118027
001,24.632269,92.787735,138.101334
001,24.6527,92.790047,138.090973
001,24.672422,92.798363,138.077942
001,24.692636,92.796661,138.074509
001,24.692636,92.796661,138.074509
001,24.712284,92.805878,138.057068
001,24.730606,92.817841,138.038986
001,24.750122,92.837608,138.021667
001,24.769686,92.871925,138.007294
001,24.786636,92.888443,138.000458
001,24.806618,92.902512,138.002609
001,24.826141,92.921532,138.001297
001,24.826141,92.921532,138.001297
001,24.846369,92.954239,137.986404
001,24.86594,92.979385,137.991486
001,24.885145,93.009499,137.99176
001,24.905203,93.009766,138.003265
001,24.923485,93.029373,137.990326
001,24.943644,93.035278,137.997604
001,24.943644,93.035278,137.997604
001,24.963411,93.053772,137.986816
001,24.9818,93.059311,137.982452
001,25.001249,93.053528,137.982117
001,25.020628,93.054161,137.974396
001,25.038601,93.045509,137.962524
001,25.059223,93.034248,137.951752
001,25.059223,93.034248,137.951752
001,25.077354,93.01635,137.94191
001,25.097542,93.011948,137.921951
001,25.118189,92.989937,137.920456
001,25.139057,92.963295,137.912399
001,25.159203,92.910233,137.904541
001,25.159203,92.910233,137.904541
001,25.177063,92.807732,137.843658
001,25.197607,92.753746,137.855133
001,25.216709,92.695869,137.829697
001,25.236706,92.60862,137.794983
001,25.256754,92.602119,137.819214
001,25.278185,92.513084,137.858047
001,25.278185,92.513084,137.858047
001,25.297731,92.403397,137.873627
001,25.315336,92.346832,137.861984
001,25.335346,92.355278,137.889282
001,25.354942,92.31823,137.844498
001,25.37546,92.412247,137.797501
001,25.395233,92.387337,137.838745
001,25.395233,92.387337,137.838745
001,25.416985,92.329285,137.900482
001,25.436798,92.257362,137.859695
001,25.456268,92.227951,137.846771
001,25.476419,92.113869,137.921173
001,25.476419,92.113869,137.921173
001,25.495489,92.01326,137.941116
001,25.514811,91.902847,137.867249
001,25.534544,91.727234,138.018539
001,25.552237,91.608658,138.046204
001,25.574602,91.496361,138.081253
001,25.592896,91.233681,138.135178
001,25.592896,91.233681,138.135178
001,25.614237,91.055069,138.105789
001,25.633572,90.771545,138.121429
001,25.653646,90.522102,138.09343
001,25.673117,90.186646,137.911133
001,25.691784,90.03434,137.611206
001,25.711597,89.693695,137.294479
001,25.711597,89.693695,137.294479
001,25.729624,89.491493,137.021454
001,25.748312,89.28257,136.601913
001,25.769806,89.131699,136.251358
001,25.787809,88.915779,135.470444
001,25.807669,88.826904,134.980103
001,25.827707,88.742638,134.392471
001,25.827707,88.742638,134.392471
001,25.84626,88.561943,133.391312
001,25.8661,88.530846,132.687347
001,25.884001,88.375572,131.547592
001,25.901506,88.335136,130.885071
001,25.920267,88.301514,130.163818
001,25.939335,88.249031,129.348831
001,25.956095,88.141922,127.948853
001,25.974543,88.060936,127.059555
001,25.992622,87.943245,125.499855
001,26.010326,87.864426,124.645279
001,26.010326,87.864426,124.645279
001,26.029678,87.827072,123.668968
001,26.047421,87.727386,121.943733
001,26.066481,87.68866,120.852768
001,26.083336,87.679115,119.875626
001,26.096674,87.693001,118.834129
001,26.113169,87.688461,117.809204
001,26.130726,87.677834,116.721817
001,26.147057,87.722137,115.559113
001,26.16334,87.696205,113.34716
001,26.191122,87.781296,110.972557
001,26.205105,87.803291,109.798447
001,26.218941,87.772125,109.787239
001,26.233068,87.771828,108.612671
001,26.246895,87.819412,107.45121
001,26.261131,87.85688,106.31826
001,26.292547,87.994553,103.148911
001,26.304476,88.040482,102.143288
001,26.317301,88.026375,101.166855
001,26.331285,88.060799,100.167038
001,26.344721,88.096802,100.260651
001,26.371082,88.174431,98.385017
001,26.385529,88.193619,97.450951
001,26.399509,88.226143,96.526405
001,26.412884,88.288506,95.584366
001,26.441475,88.454361,93.740021
001,26.458862,88.571045,91.880875
001,26.471628,88.629669,90.95343
001,26.484556,88.699875,90.025505
001,26.497644,88.8069,89.07457
001,26.523657,88.96859,88.093498
001,26.536896,89.124451,87.147392
001,26.551414,89.278831,86.189705
001,26.565065,89.478973,85.227432
001,26.578835,89.726265,84.26281
001,26.606812,90.141991,82.370743
001,26.622408,90.316055,81.423279
001,26.636055,90.477158,80.512909
001,26.653343,90.799164,78.677727
001,26.666885,90.964149,77.788078
001,26.679516,91.128258,76.900635
001,26.705462,91.276871,76.0317
001,26.718061,91.409279,75.132698
001,26.732145,91.542809,74.233978
001,26.745926,91.671165,73.358208
001,26.774021,91.909592,71.597359
001,26.787476,92.01902,70.713425
001,26.801712,92.124107,69.848701
001,26.81559,92.206985,68.978119
001,26.829197,92.273895,68.095169
001,26.857231,92.337715,66.302399
001,26.871355,92.309959,65.378799
001,26.888941,92.388084,63.571102
001,26.901325,92.401665,62.644066
001,26.914965,92.41185,61.701267
001,26.940948,92.334511,60.677528
001,26.954792,92.293724,59.69981
001,26.968428,92.245934,58.718403
001,26.982578,92.175301,57.726974
001,26.996456,92.073532,56.709278
001,27.024553,91.860275,54.680668
001,27.037867,91.719383,53.664177
001,27.051638,91.534599,52.559738
001,27.065453,91.324844,51.486061
001,27.079422,91.136726,50.363819
001,27.110806,90.476891,46.782681
001,27.123526,90.201607,45.460247
001,27.136665,90.072777,44.302704
001,27.150051,90.10009,44.3708
001,27.162834,89.90007,43.292126
001,27.190338,89.539749,41.129158
001,27.203873,89.363037,40.027668
001,27.21764,89.261406,38.960873
001,27.231565,89.159874,37.917908
001,27.259293,89.064255,35.910538
001,27.272846,89.023888,34.86871
001,27.286457,89.055458,33.825634
001,27.299921,89.081787,32.766285
001,27.313005,89.120651,31.705793
001,27.33934,89.137123,29.513731
001,27.352766,89.203568,28.321589
001,27.366316,89.342453,27.184587
001,27.391823,89.508995,25.059309
001,27.403746,89.569298,24.01293
001,27.416702,89.536461,24.057983
001,27.430012,89.472733,23.076656
001,27.455973,89.264557,21.098986
001,27.46937,89.164711,20.155554
001,27.482882,89.105026,19.232944
001,27.510223,88.943604,17.408909
001,27.524515,88.897263,16.542618
001,27.536985,88.830414,15.679343
001,27.55093,88.748047,14.827736
001,27.565708,88.667572,13.95318
001,27.593115,88.55526,12.166089
001,27.608454,88.513786,11.228868
001,27.620481,88.47245,10.258113
001,27.634619,88.468224,9.326542
001,27.659809,88.524178,8.144613
001,27.671749,88.494102,7.097864
001,27.685459,88.435577,5.966621
001,27.698011,88.388252,4.872175
001,27.72401,88.174698,2.647187
001,27.736736,88.032455,1.440929
001,27.751495,87.887665,0.224165
001,27.764599,87.731094,-1.014529
001,27.791777,87.336639,-3.513129
001,27.80517,87.162842,-4.785948
001,27.818901,86.881256,-6.133372
001,27.833298,86.62484,-7.395265
001,27.859627,86.126884,-9.995537
001,27.87381,85.834381,-11.367072
001,27.887775,85.4879,-12.758634
001,27.901772,84.999863,-14.113384
001,27.915562,84.537766,-15.433187
001,27.943243,83.645782,-18.039791
001,27.95739,83.141884,-19.361856
001,27.972347,82.579079,-20.655111
001,27.98551,81.996437,-21.902487
001,28.000572,81.3871,-23.103975
001,28.027794,80.222603,-25.532345
001,28.041433,79.646355,-26.772705
001,28.055105,79.091766,-28.020075
001,28.069092,78.537163,-29.267395
001,28.083012,77.983963,-30.511566
001,28.110802,76.877548,-32.999912
001,28.124695,76.324341,-34.244083
001,28.138546,75.771126,-35.488255
001,28.15308,74.559746,-36.14941
001,28.167725,73.881859,-37.318401
001,28.194723,72.402641,-39.683811
001,28.20859,71.667648,-40.911682
001,28.222187,70.965027,-42.159195
001,28.23583,70.28479,-43.431007
001,28.250166,69.634087,-44.791634
001,28.277508,68.535011,-47.611549
001,28.292183,68.217407,-48.928478
001,28.305626,68.090248,-50.31876
001,28.320684,67.93544,-51.726746
001,28.333244,67.657265,-53.196354
001,28.361032,67.14576,-56.187309
001,28.375055,66.916176,-57.753052
001,28.389431,66.748718,-59.331184
001,28.403242,66.494102,-60.912914
001,28.416721,66.43309,-62.457306
001,28.44445,66.148491,-65.398033
001,28.458687,66.079803,-66.749641
001,28.473,66.163811,-68.0177
001,28.486193,66.083633,-69.322906
001,28.501299,66.224113,-70.424828
001,28.527952,66.349449,-72.400528
001,28.541914,66.365524,-73.245255
001,28.55592,66.388321,-74.086082
001,28.570215,66.425705,-74.88456
001,28.583826,66.470238,-75.540802
001,28.612164,66.436142,-76.753845
001,28.625603,66.424652,-77.260719
001,28.639927,66.421745,-77.727081
001,28.653198,66.402824,-78.1306
001,28.667238,66.366951,-78.483177
001,28.694973,66.357109,-79.084404
001,28.709085,66.366364,-79.359108
001,28.722925,66.371956,-79.555443
001,28.736858,66.463364,-79.770973
001,28.751053,66.570076,-80.037369
001,28.778683,66.673889,-80.41375
001,28.792982,66.639168,-80.56292
001,28.806463,66.588959,-80.652992
001,28.820648,66.485558,-80.697311
001,28.834352,66.326103,-80.663376
001,28.862309,66.133865,-80.462151
001,28.876198,66.11528,-80.289635
001,28.891445,66.101524,-80.10495
001,28.904118,65.989815,-79.978722
001,28.91811,65.644249,-79.860809
001,28.945955,64.83107,-79.568336
001,28.960138,64.650688,-79.393158
001,28.973831,64.602821,-79.211662
001,28.988214,64.609772,-79.029999
001,29.001822,64.794403,-78.92997
001,29.030424,64.442879,-78.61367
001,29.043266,64.389191,-78.500328
001,29.057325,64.339745,-78.352814
001,29.071686,64.359055,-78.171967
001,29.085224,64.370712,-77.933815
001,29.113211,64.290932,-77.5709
001,29.127037,64.083847,-77.394531
001,29.141199,63.783783,-77.203278
001,29.154636,63.470329,-77.068077
001,29.168732,63.116352,-76.916183
001,29.196272,62.472332,-76.752716
001,29.210909,62.16048,-76.697418
001,29.224472,61.767822,-76.665306
001,29.238321,61.41811,-76.664192
001,29.252686,61.010296,-76.649071
001,29.280176,60.247242,-76.72049
001,29.293804,59.818882,-76.789818
001,29.307865,59.324867,-76.858566
001,29.321682,58.799183,-76.949486
001,29.335812,58.185875,-77.04229
001,29.363558,56.867111,-77.34874
001,29.377556,56.142216,-77.483643
001,29.39155,55.410671,-77.596039
001,29.405508,54.653885,-77.729759
001,29.419582,53.839241,-77.889351
001,29.447046,52.000488,-78.088242
001,29.461069,51.045902,-78.20948
001,29.474823,50.077164,-78.353409
001,29.488819,49.014698,-78.46978
001,29.502672,47.831509,-78.588646
001,29.530487,45.45731,-78.791031
001,29.544466,44.24168,-78.922058
001,29.55846,43.147602,-79.142525
001,29.572245,42.045063,-79.381401
001,29.586248,40.899559,-79.595772
001,29.614128,38.543678,-80.071091
001,29.628311,37.378983,-80.377228
001,29.642061,36.27293,-80.723091
001,29.656069,35.168846,-81.137016
001,29.670149,34.05658,-81.654335
001,29.697842,31.724825,-82.682175
001,29.711748,30.557859,-83.222778
001,29.725712,29.444847,-83.756767
001,29.740181,28.36948,-84.266975
001,29.755314,27.299999,-84.744545
001,29.769796,26.221043,-85.168282
001,29.787449,25.175983,-85.429649
001,29.810255,23.046064,-86.148056
001,29.823177,21.966972,-86.391228
001,29.841499,20.891308,-86.625168
001,29.859545,19.851511,-86.764969
001,29.879095,17.755289,-87.190086
001,29.893009,16.741644,-87.330704
001,29.908571,15.742211,-87.45462
001,29.925186,14.703652,-87.535141
001,29.942265,13.498746,-87.480583
001,29.962576,11.187692,-87.521538
001,29.976284,9.988092,-87.447166
001,29.990265,8.857031,-87.37896
001,30.004425,7.705909,-87.32737
001,30.019049,6.551301,-87.276825
001,30.047678,4.278121,-87.06958
001,30.060867,3.005913,-86.882675
001,30.074858,1.707396,-86.881821
001,30.088524,0.597049,-86.648888
001,30.10235,-0.406467,-86.598831
001,30.129335,-2.503753,-86.479706
001,30.14361,-3.418406,-86.445152
001,30.157259,-4.312213,-86.441238
001,30.171179,-5.163858,-86.447662
001,30.199369,-6.920465,-86.287018
001,30.213142,-8.727892,-86.045624
001,30.227074,-9.61935,-85.881233
001,30.241005,-10.52201,-85.704407
001,30.2551,-11.362551,-85.551056
001,30.269487,-12.065072,-85.477631
001,30.298161,-13.715972,-85.05722
001,30.312292,-14.613287,-84.735535
001,30.326878,-15.479204,-84.464638
001,30.341183,-16.452032,-84.132408
001,30.35556,-17.486624,-83.736885
001,30.370319,-18.536732,-83.327057
001,30.398634,-20.888536,-82.505707
001,30.412725,-22.175703,-82.053719
001,30.427006,-23.489151,-81.669044
001,30.440973,-24.810852,-81.335556
001,30.455584,-26.522217,-81.05574
001,30.477777,-29.50061,-80.349663
001,30.49159,-31.158035,-80.156029
001,30.505394,-32.911457,-80.045151
001,30.5193,-34.7192,-79.95002
001,30.548948,-38.621834,-80.012337
001,30.564728,-40.798328,-80.046753
001,30.580038,-42.866497,-80.249374
001,30.59539,-44.943996,-80.972908
001,30.617085,-48.942219,-81.565742
001,30.631052,-51.130371,-82.017426
001,30.644533,-53.236568,-82.602242
001,30.659779,-55.204987,-83.266319
001,30.675346,-56.944447,-84.250847
001,30.691015,-58.704491,-85.201439
001,30.707035,-60.546143,-85.94313
001,30.728405,-64.320137,-87.321373
001,30.742332,-65.841034,-88.181007
001,30.75596,-67.675934,-88.918961
001,30.770817,-68.880234,-89.662788
001,30.78706,-70.512009,-90.413094
001,30.817526,-73.898521,-91.930344
001,30.839851,-75.825089,-93.628128
001,30.839851,-75.825089,-93.628128
001,30.853594,-77.050629,-94.485275
001,30.881271,-79.210922,-96.103638
001,30.896002,-80.385681,-96.863564
001,30.91198,-81.447327,-97.662376
001,30.928167,-82.355431,-98.416092
001,30.943783,-82.999588,-99.17765
001,30.965086,-85.042664,-100.74688
001,30.978935,-85.715469,-101.39785
001,30.993423,-86.630005,-102.108917
001,31.010315,-87.400726,-102.763596
001,31.027306,-88.226646,-103.249405
001,31.048977,-89.871025,-104.487625
001,31.062551,-90.615753,-105.103371
001,31.077135,-91.287506,-105.684044
001,31.093681,-91.894173,-106.189522
001,31.110128,-92.488167,-106.35289
001,31.132139,-94.097931,-107.298531
001,31.145962,-94.878021,-107.809486
001,31.160391,-95.01519,-108.155891
001,31.178087,-94.806656,-108.364014
001,31.195484,-95.147079,-108.455215
001,31.215683,-96.0242,-108.939049
001,31.230383,-96.493263,-109.306549
001,31.24914,-96.254326,-109.527542
001,31.271692,-96.505272,-109.98423
001,31.271692,-96.505272,-109.98423
001,31.306669,-96.613289,-110.348022
001,31.306669,-96.613289,-110.348022
001,31.327293,-97.041061,-110.676422
001,31.346817,-97.270721,-110.754227
001,31.369665,-97.381889,-111.026001
001,31.386784,-100.559021,-111.97506
001,31.406004,-98.399361,-111.212196
001,31.406004,-98.399361,-111.212196
001,31.425833,-98.795471,-111.776062
001,31.445072,-102.44912,-112.907616
001,31.466623,-98.50621,-111.803474
001,31.486296,-98.786674,-111.378311
001,31.508389,-98.238312,-111.513184
001,31.508389,-98.238312,-111.513184
001,31.525339,-99.793045,-112.077927
001,31.543758,-99.412201,-111.847496
001,31.564009,-99.311653,-111.798004
001,31.581837,-99.40963,-111.79303
001,31.601025,-99.519501,-111.859154
001,31.619913,-99.619308,-111.901176
001,31.639141,-99.745735,-111.805641
001,31.639141,-99.745735,-111.805641
001,31.661303,-100.019455,-111.467918
001,31.677013,-99.867363,-111.245285
001,31.695601,-100.299965,-110.623894
001,31.717098,-100.48587,-110.448669
001,31.734402,-100.643349,-110.731331
001,31.753323,-100.541862,-111.260567
001,31.772747,-100.417641,-111.417076
001,31.772747,-100.417641,-111.417076
001,31.7922,-99.919151,-111.221146
001,31.814463,-99.607094,-111.361404
001,31.831476,-99.797592,-111.383583
001,31.850639,-100.009621,-111.44886
001,31.870251,-100.237419,-111.484512
001,31.888807,-100.210281,-111.265274
001,31.888807,-100.210281,-111.265274
001,31.907673,-100.063232,-110.761848
001,31.925976,-100.253273,-110.638939
001,31.945467,-100.37751,-110.807465
001,31.967791,-100.477562,-110.834328
001,31.983885,-100.443878,-110.842148
001,32.005272,-100.219452,-110.811974
001,32.024368,-100.278519,-110.734261
001,32.024368,-100.278519,-110.734261
001,32.046074,-100.053108,-110.832253
001,32.065571,-99.875809,-111.033859
001,32.084869,-99.862694,-111.036537
001,32.107044,-99.943947,-111.061523
001,32.107044,-99.943947,-111.061523
001,32.141083,-99.997177,-110.894867
001,32.141083,-99.997177,-110.894867
001,32.162598,-100.170624,-110.544144
001,32.180939,-100.228325,-110.506096
001,32.199959,-100.250969,-110.592461
001,32.218437,-100.319626,-110.602592
001,32.236809,-100.286903,-110.606911
001,32.255966,-100.127266,-110.702911
001,32.274799,-100.17054,-110.679749
001,32.274799,-100.17054,-110.679749
001,32.293217,-100.008919,-110.797844
001,32.315891,-99.936722,-110.88179
